Experiment,Accuracy,Precision,Recall,F1-score
cogency_(logic),0.7973962571196095,0.7973962571196095,1.0,0.8872793119058398
effectiveness_(rhetoric),0.7973962571196095,0.7973962571196095,1.0,0.8872793119058398
reasonableness_(dialectic),0.7973962571196095,0.7973962571196095,1.0,0.8872793119058398
