Feature Excluded,Fold 1,Fold 2,Fold 3,Fold 4,Fold 5,Fold 6,Fold 7,Fold 8,Fold 9,Fold 10,Fold 11,Fold 12,Fold 13,Fold 14,Fold 15
cogency_(logic),"{'Accuracy': 0.7876322213181448, 'Precision': 0.7876322213181448, 'Recall': 1.0, 'F1-score': 0.8812016385980883}","{'Accuracy': 0.7876322213181448, 'Precision': 0.7876322213181448, 'Recall': 1.0, 'F1-score': 0.8812016385980883}","{'Accuracy': 0.7876322213181448, 'Precision': 0.7876322213181448, 'Recall': 1.0, 'F1-score': 0.8812016385980883}","{'Accuracy': 0.7876322213181448, 'Precision': 0.7876322213181448, 'Recall': 1.0, 'F1-score': 0.8812016385980883}","{'Accuracy': 0.7874592833876222, 'Precision': 0.7874592833876222, 'Recall': 1.0, 'F1-score': 0.8810933940774488}",,,,,,,,,,
effectiveness_(rhetoric),,,,,,"{'Accuracy': 0.7876322213181448, 'Precision': 0.7876322213181448, 'Recall': 1.0, 'F1-score': 0.8812016385980883}","{'Accuracy': 0.7876322213181448, 'Precision': 0.7876322213181448, 'Recall': 1.0, 'F1-score': 0.8812016385980883}","{'Accuracy': 0.7876322213181448, 'Precision': 0.7876322213181448, 'Recall': 1.0, 'F1-score': 0.8812016385980883}","{'Accuracy': 0.7876322213181448, 'Precision': 0.7876322213181448, 'Recall': 1.0, 'F1-score': 0.8812016385980883}","{'Accuracy': 0.7874592833876222, 'Precision': 0.7874592833876222, 'Recall': 1.0, 'F1-score': 0.8810933940774488}",,,,,
reasonableness_(dialectic),,,,,,,,,,,"{'Accuracy': 0.7876322213181448, 'Precision': 0.7876322213181448, 'Recall': 1.0, 'F1-score': 0.8812016385980883}","{'Accuracy': 0.7876322213181448, 'Precision': 0.7876322213181448, 'Recall': 1.0, 'F1-score': 0.8812016385980883}","{'Accuracy': 0.7876322213181448, 'Precision': 0.7876322213181448, 'Recall': 1.0, 'F1-score': 0.8812016385980883}","{'Accuracy': 0.7876322213181448, 'Precision': 0.7876322213181448, 'Recall': 1.0, 'F1-score': 0.8812016385980883}","{'Accuracy': 0.7874592833876222, 'Precision': 0.7874592833876222, 'Recall': 1.0, 'F1-score': 0.8810933940774488}"
